Feature Name,Predicted Direction
98Lys 178Tyr Hbond,open
98Lys 177Glu Saltbr,open
98Lys 176Lys Hbond,open
97Ala 150Leu Hydrophobic,closed
97Ala 100Ser Hbond,closed
96Ala 181Ala Hydrophobic,open
96Ala 179Ala Hydrophobic,open
96Ala 102Ile Hydrophobic,open
95Ile 180Phe Hydrophobic,open
95Ile 179Ala Hydrophobic,open
95Ile 170Leu Hydrophobic,closed
95Ile 169Phe Hydrophobic,closed
95Ile 165Ala Hydrophobic,closed
95Ile 158Ala Hydrophobic,closed
95Ile 157Ala Hydrophobic,closed
95Ile 150Leu Hydrophobic,closed
94Leu 181Ala Hydrophobic,closed
94Leu 180Phe Hydrophobic,closed
94Leu 159Leu Hydrophobic,closed
94Leu 158Ala Hydrophobic,closed
94Leu 157Ala Hydrophobic,open
94Leu 104Pro Hydrophobic,open
94Leu 102Ile Hydrophobic,open
93Arg 183Pro Hbond,closed
93Arg 182Gly Hbond,closed
93Arg 181Ala Hbond,closed
93Arg 180Phe Hbond,closed
93Arg 162Glu Saltbr,closed
93Arg 160Gln Hbond,open
92Ser 184Ser Hbond,closed
92Ser 161Asp Hbond,open
92Ser 160Gln Hbond,open
92Ser 122Gln Hbond,open
91Asp 186Lys Saltbr,open
91Asp 184Ser Hbond,open
91Asp 162Glu Hbond,closed
91Asp 161Asp Hbond,closed
8Ile 68Ile Hydrophobic,closed
8Ile 66Ala Hydrophobic,open
8Ile 48Val Hydrophobic,open
89Ala 235Val Hydrophobic,closed
89Ala 163Val Hydrophobic,closed
88Tyr 195Thr Hbond,closed
87Leu 223Tyr Hbond,closed
87Leu 214Leu Hydrophobic,open
87Leu 197Val Hydrophobic,open
86Lys 238Asp Saltbr,open
86Lys 237Gly Hbond,closed
86Lys 236Tyr Hbond,closed
86Lys 193Asp Saltbr,closed
85Asp 211Asp Hbond,open
84Ser 211Asp Hbond,closed
84Ser 207Lys Hbond,closed
84Ser 197Val Hbond,open
83Phe 207Lys Hbond,closed
83Phe 197Val Hydrophobic,open
82Ala 207Lys Hbond,closed
82Ala 199Leu Hydrophobic,open
82Ala 197Val Hydrophobic,open
81Ile 201Lys Hbond,closed
81Ile 199Leu Hydrophobic,closed
80Glu 201Lys Saltbr,closed
7Arg 65Asp Saltbr,closed
7Arg 63Lys Hbond,closed
7Arg 62Lys Hbond,closed
79Gln 201Lys Hbond,closed
78Gln 83Phe Hbond,closed
78Gln 81Ile Hbond,closed
77Arg 80Glu Saltbr,open
77Arg 121Thr Hbond,closed
76Lys 80Glu Saltbr,open
76Lys 79Gln Hbond,open
75Asp 79Gln Hbond,open
75Asp 78Gln Hbond,closed
75Asp 189Lys Saltbr,closed
75Asp 188Lys Saltbr,open
74Thr 78Gln Hbond,closed
74Thr 191Phe Hbond,open
74Thr 190Tyr Hbond,closed
74Thr 189Lys Hbond,closed
74Thr 121Thr Hbond,closed
73Ile 83Phe Hydrophobic,closed
73Ile 78Gln Hbond,open
73Ile 193Asp Hbond,open
72Ser 77Arg Hbond,closed
72Ser 195Thr Hbond,closed
72Ser 194Gly Hbond,open
72Ser 192Gly Hbond,open
72Ser 121Thr Hbond,closed
71Leu 83Phe Hydrophobic,closed
71Leu 195Thr Hbond,closed
70Ser 88Tyr Hbond,closed
6Val 46Thr Hbond,open
6Val 43Val Hydrophobic,closed
6Val 206Leu Hydrophobic,closed
68Ile 197Val Hydrophobic,closed
67Ile 71Leu Hydrophobic,closed
67Ile 197Val Hydrophobic,open
66Ala 210Phe Hydrophobic,open
66Ala 199Leu Hydrophobic,open
65Asp 200Arg Saltbr,closed
64Ile 67Ile Hydrophobic,closed
64Ile 200Arg Hbond,closed
62Lys 200Arg Hbond,closed
5Thr 46Thr Hbond,open
5Thr 44Lys Hbond,closed
59Leu 81Ile Hydrophobic,open
59Leu 67Ile Hydrophobic,closed
59Leu 64Ile Hydrophobic,closed
59Leu 62Lys Hbond,closed
59Leu 200Arg Hbond,closed
58Ser 63Lys Hbond,closed
57Pro 61Ala Hydrophobic,closed
55Leu 67Ile Hydrophobic,closed
55Leu 64Ile Hydrophobic,closed
55Leu 59Leu Hydrophobic,open
55Leu 58Ser Hbond,open
54Ala 58Ser Hbond,closed
54Ala 57Pro Hydrophobic,closed
52Phe 71Leu Hydrophobic,closed
52Phe 55Leu Hydrophobic,closed
4Gln 44Lys Hbond,open
48Val 64Ile Hydrophobic,open
40Arg 222Thr Hbond,closed
40Arg 220Asp Saltbr,closed
40Arg 216Glu Saltbr,closed
3Pro 6Val Hydrophobic,open
3Pro 43Val Hydrophobic,open
3Pro 206Leu Hydrophobic,open
39Lys 42Gln Hbond,closed
36Glu 40Arg Saltbr,closed
36Glu 39Lys Saltbr,closed
36Glu 222Thr Hbond,closed
35Asn 47Trp Hbond,closed
35Asn 39Lys Hbond,open
33Leu 87Leu Hydrophobic,closed
33Leu 217Leu Hydrophobic,open
32Asp 230Tyr Hbond,open
32Asp 229Lys Saltbr,open
31Ile 47Trp Hbond,closed
31Ile 35Asn Hbond,closed
30Asp 88Tyr Hbond,closed
30Asp 70Ser Hbond,closed
30Asp 69Ser Hbond,closed
2Leu 43Val Hydrophobic,closed
2Leu 209Ala Hydrophobic,open
2Leu 206Leu Hydrophobic,closed
29Phe 33Leu Hydrophobic,closed
29Phe 32Asp Hbond,closed
29Phe 235Val Hydrophobic,closed
29Phe 231Phe Hydrophobic,closed
29Phe 227Ala Hydrophobic,open
28Gly 32Asp Hbond,closed
28Gly 230Tyr Hbond,open
27Ile 31Ile Hydrophobic,closed
26Phe 49Ala Hydrophobic,closed
26Phe 31Ile Hydrophobic,closed
234Asn 238Asp Hbond,closed
234Asn 237Gly Hbond,closed
231Phe 235Val Hydrophobic,closed
228Lys 232Asp Saltbr,open
228Lys 231Phe Hbond,open
227Ala 235Val Hydrophobic,closed
227Ala 231Phe Hydrophobic,closed
226Met 229Lys Hbond,open
225Lys 229Lys Hbond,closed
224Asp 228Lys Saltbr,open
222Thr 225Lys Hbond,closed
221Gly 225Lys Hbond,closed
221Gly 224Asp Hbond,closed
21Asp 25Glu Hbond,open
218Arg 236Tyr Hbond,closed
217Leu 222Thr Hbond,open
217Leu 220Asp Hbond,open
216Glu 220Asp Hbond,closed
216Glu 219Gln Hbond,closed
215Thr 219Gln Hbond,open
215Thr 218Arg Hbond,open
214Leu 218Arg Hbond,open
214Leu 217Leu Hydrophobic,closed
213Ala 217Leu Hydrophobic,open
212Lys 216Glu Saltbr,open
212Lys 215Thr Hbond,open
211Asp 215Thr Hbond,closed
210Phe 214Leu Hydrophobic,open
210Phe 213Ala Hydrophobic,closed
20Lys 25Glu Saltbr,closed
209Ala 213Ala Hydrophobic,closed
208Ala 212Lys Hbond,open
208Ala 211Asp Hbond,open
207Lys 211Asp Saltbr,closed
206Leu 210Phe Hydrophobic,open
206Leu 209Ala Hydrophobic,open
204Thr 207Lys Hbond,open
203Asp 207Lys Saltbr,open
201Lys 204Thr Hbond,closed
200Arg 203Asp Saltbr,closed
19Ser 27Ile Hbond,closed
199Leu 210Phe Hydrophobic,closed
199Leu 206Leu Hydrophobic,open
197Val 210Phe Hydrophobic,open
18Ser 30Asp Hbond,closed
188Lys 193Asp Saltbr,open
188Lys 192Gly Hbond,open
188Lys 191Phe Hbond,closed
187Asp 191Phe Hbond,closed
186Lys 192Gly Hbond,open
186Lys 191Phe Hbond,closed
185Val 191Phe Hydrophobic,closed
17Phe 31Ile Hydrophobic,closed
17Phe 30Asp Hbond,closed
17Phe 29Phe Hydrophobic,closed
17Phe 231Phe Hydrophobic,closed
17Phe 164Ala Hydrophobic,closed
17Phe 163Val Hydrophobic,closed
173Pro 176Lys Hbond,open
172Gln 176Lys Hbond,open
171Lys 176Lys Hbond,closed
170Leu 180Phe Hydrophobic,closed
170Leu 179Ala Hydrophobic,closed
170Leu 176Lys Hbond,open
16Pro 29Phe Hydrophobic,closed
16Pro 231Phe Hydrophobic,open
169Phe 174Ala Hydrophobic,open
169Phe 172Gln Hbond,open
168Gly 172Gln Hbond,open
168Gly 171Lys Hbond,open
167Glu 171Lys Saltbr,open
166Ser 171Lys Hbond,closed
165Ala 180Phe Hydrophobic,closed
165Ala 170Leu Hydrophobic,open
165Ala 169Phe Hydrophobic,closed
163Val 233Phe Hydrophobic,open
163Val 231Phe Hydrophobic,open
163Val 166Ser Hbond,open
162Glu 184Ser Hbond,closed
162Glu 166Ser Hbond,open
159Leu 185Val Hydrophobic,open
151Thr 178Tyr Hbond,closed
150Leu 178Tyr Hbond,open
150Leu 169Phe Hydrophobic,open
150Leu 158Ala Hydrophobic,closed
150Leu 157Ala Hydrophobic,closed
150Leu 155Leu Hydrophobic,open
14Tyr 161Asp Hbond,closed
14Tyr 143Gln Hbond,closed
149Asp 154Arg Saltbr,open
148Hic 151Thr Hbond,closed
147Tyr 169Phe Hbond,closed
147Tyr 160Gln Hbond,open
147Tyr 151Thr Hbond,open
146Ile 158Ala Hydrophobic,closed
146Ile 155Leu Hydrophobic,open
146Ile 150Leu Hydrophobic,closed
146Ile 149Asp Hbond,closed
145Leu 149Asp Hbond,closed
143Gln 160Gln Hbond,open
143Gln 147Tyr Hbond,closed
140Tyr 149Asp Hbond,open
13Thr 19Ser Hbond,open
138Val 155Leu Hydrophobic,open
131Arg 137Val Hbond,open
131Arg 135Val Hbond,closed
131Arg 134Gly Hbond,closed
12Thr 20Lys Hbond,closed
12Thr 19Ser Hbond,closed
12Thr 18Ser Hbond,open
129Asn 190Tyr Hbond,closed
129Asn 133Lys Hbond,open
129Asn 132Thr Hbond,open
128Asp 190Tyr Hbond,open
128Asp 189Lys Saltbr,open
128Asp 133Lys Saltbr,open
128Asp 132Thr Hbond,open
127Asn 132Thr Hbond,open
127Asn 131Arg Hbond,open
126Ala 137Val Hydrophobic,closed
125Tyr 187Asp Hbond,closed
125Tyr 130Trp Hbond,closed
125Tyr 129Asn Hbond,open
125Tyr 128Asp Hbond,open
124Ala 190Tyr Hbond,open
124Ala 128Asp Hbond,closed
123Glu 127Asn Hbond,closed
122Gln 161Asp Hbond,closed
122Gln 160Gln Hbond,closed
122Gln 159Leu Hbond,closed
121Thr 190Tyr Hbond,open
11Asp 69Ser Hbond,closed
11Asp 18Ser Hbond,closed
118Gln 141Ala Hbond,closed
118Gln 140Tyr Hbond,open
118Gln 139Ala Hbond,open
118Gln 123Glu Hbond,open
117Leu 146Ile Hydrophobic,open
117Leu 141Ala Hydrophobic,open
117Leu 120Ser Hbond,closed
116Val 159Leu Hydrophobic,closed
116Val 146Ile Hydrophobic,open
116Val 139Ala Hydrophobic,closed
116Val 138Val Hydrophobic,closed
116Val 137Val Hydrophobic,open
114Val 157Ala Hydrophobic,closed
114Val 155Leu Hydrophobic,closed
114Val 138Val Hydrophobic,closed
114Val 137Val Hydrophobic,open
114Val 135Val Hydrophobic,closed
113Hie 156Asp Hbond,closed
113Hie 154Arg Hbond,closed
113Hie 136Asp Hbond,closed
112Lys 156Asp Saltbr,closed
112Lys 136Asp Saltbr,closed
110Lys 134Gly Hbond,closed
10Thr 69Ser Hbond,closed
10Thr 68Ile Hbond,closed
10Thr 50Ser Hbond,open
10Thr 18Ser Hbond,closed
109Leu 135Val Hydrophobic,closed
109Leu 114Val Hydrophobic,open
108Ser 112Lys Hbond,closed
107Glu 110Lys Saltbr,closed
106Leu 135Val Hydrophobic,open
106Leu 110Lys Hbond,open
106Leu 109Leu Hydrophobic,closed
105Thr 108Ser Hbond,closed
104Pro 183Pro Hydrophobic,closed
104Pro 181Ala Hydrophobic,open
104Pro 130Trp Hbond,open
104Pro 109Leu Hydrophobic,open
103Gln 181Ala Hbond,open
103Gln 108Ser Hbond,open
102Ile 181Ala Hydrophobic,closed
102Ile 109Leu Hydrophobic,closed
100Ser 156Asp Hbond,closed
