Feature,Score
14Tyr 161Asp Hbond,0.84587
77Arg 121Thr Hbond,0.75946
14Tyr 143Gln Hbond,0.6496
72Ser 121Thr Hbond,0.60939
17Phe 164Ala Hydrophobic,0.56354
169Phe 174Ala Hydrophobic,0.54197
74Thr 121Thr Hbond,0.53417
10Thr 68Ile Hbond,0.47327
74Thr 191Phe Hbond,0.40251
72Ser 192Gly Hbond,0.39888
75Asp 188Lys Saltbr,0.3905
30Asp 70Ser Hbond,0.36068
91Asp 184Ser Hbond,0.35076
76Lys 80Glu Saltbr,0.34887
55Leu 64Ile Hydrophobic,0.34087
169Phe 172Gln Hbond,0.34054
162Glu 184Ser Hbond,0.33867
10Thr 69Ser Hbond,0.30867
163Val 233Phe Hydrophobic,0.28118
84Ser 197Val Hbond,0.26573
52Phe 55Leu Hydrophobic,0.26476
11Asp 69Ser Hbond,0.25861
89Ala 163Val Hydrophobic,0.25371
17Phe 31Ile Hydrophobic,0.2536
17Phe 163Val Hydrophobic,0.24877
30Asp 69Ser Hbond,0.24421
72Ser 194Gly Hbond,0.23833
59Leu 64Ile Hydrophobic,0.23647
86Lys 193Asp Saltbr,0.23202
55Leu 59Leu Hydrophobic,0.23086
52Phe 71Leu Hydrophobic,0.2243
172Gln 176Lys Hbond,0.21716
97Ala 150Leu Hydrophobic,0.2096
72Ser 77Arg Hbond,0.19614
163Val 231Phe Hydrophobic,0.18649
58Ser 63Lys Hbond,0.18604
173Pro 176Lys Hbond,0.1733
70Ser 88Tyr Hbond,0.17284
170Leu 176Lys Hbond,0.17026
150Leu 178Tyr Hbond,0.16365
10Thr 18Ser Hbond,0.16323
55Leu 67Ile Hydrophobic,0.16105
82Ala 207Lys Hbond,0.15871
122Gln 161Asp Hbond,0.1586
67Ile 71Leu Hydrophobic,0.1575
168Gly 172Gln Hbond,0.15366
73Ile 193Asp Hbond,0.15091
81Ile 199Leu Hydrophobic,0.14927
91Asp 161Asp Hbond,0.1433
188Lys 191Phe Hbond,0.14065
59Leu 200Arg Hbond,0.14036
62Lys 200Arg Hbond,0.13465
80Glu 201Lys Saltbr,0.12096
100Ser 156Asp Hbond,0.11835
59Leu 67Ile Hydrophobic,0.1166
59Leu 62Lys Hbond,0.11391
98Lys 176Lys Hbond,0.11155
74Thr 78Gln Hbond,0.11064
124Ala 190Tyr Hbond,0.10924
170Leu 180Phe Hydrophobic,0.10812
188Lys 193Asp Saltbr,0.10802
117Leu 146Ile Hydrophobic,0.10357
65Asp 200Arg Saltbr,0.10288
89Ala 235Val Hydrophobic,0.0944
93Arg 181Ala Hbond,0.09262
93Arg 182Gly Hbond,0.08851
188Lys 192Gly Hbond,0.08747
71Leu 195Thr Hbond,0.08728
16Pro 231Phe Hydrophobic,0.08617
81Ile 201Lys Hbond,0.08583
78Gln 83Phe Hbond,0.08546
71Leu 83Phe Hydrophobic,0.0819
64Ile 200Arg Hbond,0.0811
93Arg 162Glu Saltbr,0.08001
57Pro 61Ala Hydrophobic,0.07897
162Glu 166Ser Hbond,0.07758
13Thr 19Ser Hbond,0.0772
82Ala 199Leu Hydrophobic,0.07514
83Phe 207Lys Hbond,0.07135
64Ile 67Ile Hydrophobic,0.07115
96Ala 181Ala Hydrophobic,0.07106
117Leu 141Ala Hydrophobic,0.07044
122Gln 160Gln Hbond,0.06924
93Arg 183Pro Hbond,0.06916
79Gln 201Lys Hbond,0.06764
11Asp 18Ser Hbond,0.06653
82Ala 197Val Hydrophobic,0.06601
75Asp 189Lys Saltbr,0.06502
200Arg 203Asp Saltbr,0.06495
146Ile 150Leu Hydrophobic,0.06485
30Asp 88Tyr Hbond,0.061
98Lys 178Tyr Hbond,0.05957
170Leu 179Ala Hydrophobic,0.05857
207Lys 211Asp Saltbr,0.057
117Leu 120Ser Hbond,0.05692
88Tyr 195Thr Hbond,0.05638
84Ser 211Asp Hbond,0.05619
93Arg 180Phe Hbond,0.05603
59Leu 81Ile Hydrophobic,0.05513
16Pro 29Phe Hydrophobic,0.05419
10Thr 50Ser Hbond,0.05412
29Phe 231Phe Hydrophobic,0.05338
147Tyr 160Gln Hbond,0.05293
124Ala 128Asp Hbond,0.05291
67Ile 197Val Hydrophobic,0.05255
84Ser 207Lys Hbond,0.05185
186Lys 191Phe Hbond,0.05176
7Arg 62Lys Hbond,0.05164
186Lys 192Gly Hbond,0.05084
168Gly 171Lys Hbond,0.0503
199Leu 210Phe Hydrophobic,0.04785
74Thr 189Lys Hbond,0.0477
151Thr 178Tyr Hbond,0.04735
94Leu 181Ala Hydrophobic,0.04721
93Arg 160Gln Hbond,0.04694
147Tyr 151Thr Hbond,0.04565
140Tyr 149Asp Hbond,0.04545
8Ile 68Ile Hydrophobic,0.04539
128Asp 189Lys Saltbr,0.04514
26Phe 49Ala Hydrophobic,0.04439
73Ile 78Gln Hbond,0.04406
96Ala 179Ala Hydrophobic,0.04375
92Ser 184Ser Hbond,0.04249
91Asp 162Glu Hbond,0.04228
77Arg 80Glu Saltbr,0.04211
166Ser 171Lys Hbond,0.04208
143Gln 160Gln Hbond,0.04167
91Asp 186Lys Saltbr,0.0399
167Glu 171Lys Saltbr,0.03962
54Ala 58Ser Hbond,0.03924
102Ile 181Ala Hydrophobic,0.03905
66Ala 210Phe Hydrophobic,0.03817
85Asp 211Asp Hbond,0.03804
145Leu 149Asp Hbond,0.03779
112Lys 136Asp Saltbr,0.03763
27Ile 31Ile Hydrophobic,0.03754
72Ser 195Thr Hbond,0.03689
227Ala 231Phe Hydrophobic,0.03622
129Asn 190Tyr Hbond,0.03563
159Leu 185Val Hydrophobic,0.03379
86Lys 236Tyr Hbond,0.03367
104Pro 181Ala Hydrophobic,0.03351
74Thr 190Tyr Hbond,0.03323
201Lys 204Thr Hbond,0.03246
187Asp 191Phe Hbond,0.03243
75Asp 78Gln Hbond,0.03191
76Lys 79Gln Hbond,0.03183
98Lys 177Glu Saltbr,0.03093
92Ser 161Asp Hbond,0.03057
28Gly 32Asp Hbond,0.02929
165Ala 180Phe Hydrophobic,0.02871
150Leu 169Phe Hydrophobic,0.02858
7Arg 63Lys Hbond,0.02762
28Gly 230Tyr Hbond,0.02756
116Val 146Ile Hydrophobic,0.02626
40Arg 222Thr Hbond,0.02473
125Tyr 187Asp Hbond,0.02444
150Leu 155Leu Hydrophobic,0.02375
128Asp 190Tyr Hbond,0.0235
48Val 64Ile Hydrophobic,0.02331
86Lys 237Gly Hbond,0.02297
35Asn 47Trp Hbond,0.02296
94Leu 102Ile Hydrophobic,0.02193
95Ile 180Phe Hydrophobic,0.02173
150Leu 158Ala Hydrophobic,0.02143
75Asp 79Gln Hbond,0.0214
68Ile 197Val Hydrophobic,0.02097
92Ser 122Gln Hbond,0.02073
87Leu 223Tyr Hbond,0.02034
215Thr 218Arg Hbond,0.0203
66Ala 199Leu Hydrophobic,0.01996
203Asp 207Lys Saltbr,0.01987
78Gln 81Ile Hbond,0.01943
18Ser 30Asp Hbond,0.01942
199Leu 206Leu Hydrophobic,0.01874
32Asp 230Tyr Hbond,0.01868
218Arg 236Tyr Hbond,0.01749
17Phe 29Phe Hydrophobic,0.01743
128Asp 133Lys Saltbr,0.01707
95Ile 169Phe Hydrophobic,0.01705
165Ala 169Phe Hydrophobic,0.01693
97Ala 100Ser Hbond,0.01679
17Phe 30Asp Hbond,0.01671
95Ile 157Ala Hydrophobic,0.01602
197Val 210Phe Hydrophobic,0.01553
29Phe 227Ala Hydrophobic,0.01524
214Leu 218Arg Hbond,0.01481
29Phe 33Leu Hydrophobic,0.01467
123Glu 127Asn Hbond,0.0141
96Ala 102Ile Hydrophobic,0.01388
122Gln 159Leu Hbond,0.01379
29Phe 32Asp Hbond,0.01344
113Hie 154Arg Hbond,0.01337
149Asp 154Arg Saltbr,0.01335
146Ile 155Leu Hydrophobic,0.01306
127Asn 132Thr Hbond,0.01282
150Leu 157Ala Hydrophobic,0.0126
127Asn 131Arg Hbond,0.01246
106Leu 135Val Hydrophobic,0.01237
103Gln 181Ala Hbond,0.0122
129Asn 133Lys Hbond,0.0121
33Leu 87Leu Hydrophobic,0.01193
94Leu 159Leu Hydrophobic,0.01189
102Ile 109Leu Hydrophobic,0.01158
95Ile 170Leu Hydrophobic,0.01154
128Asp 132Thr Hbond,0.0115
110Lys 134Gly Hbond,0.01144
3Pro 6Val Hydrophobic,0.01142
21Asp 25Glu Hbond,0.01124
171Lys 176Lys Hbond,0.01098
146Ile 158Ala Hydrophobic,0.01092
118Gln 141Ala Hbond,0.01091
12Thr 20Lys Hbond,0.01081
210Phe 214Leu Hydrophobic,0.01074
94Leu 180Phe Hydrophobic,0.01063
121Thr 190Tyr Hbond,0.0106
31Ile 35Asn Hbond,0.01052
95Ile 179Ala Hydrophobic,0.01041
118Gln 123Glu Hbond,0.01024
95Ile 150Leu Hydrophobic,0.01002
6Val 206Leu Hydrophobic,0.00937
104Pro 130Trp Hbond,0.00925
113Hie 156Asp Hbond,0.00891
87Leu 197Val Hydrophobic,0.00876
116Val 137Val Hydrophobic,0.00873
211Asp 215Thr Hbond,0.00863
148Hic 151Thr Hbond,0.00847
3Pro 206Leu Hydrophobic,0.00843
54Ala 57Pro Hydrophobic,0.00841
224Asp 228Lys Saltbr,0.00839
118Gln 139Ala Hbond,0.00822
112Lys 156Asp Saltbr,0.00802
116Val 159Leu Hydrophobic,0.0079
29Phe 235Val Hydrophobic,0.00785
87Leu 214Leu Hydrophobic,0.00774
94Leu 104Pro Hydrophobic,0.00755
165Ala 170Leu Hydrophobic,0.00752
108Ser 112Lys Hbond,0.00735
234Asn 238Asp Hbond,0.00727
2Leu 209Ala Hydrophobic,0.00716
114Val 157Ala Hydrophobic,0.00708
146Ile 149Asp Hbond,0.00702
116Val 138Val Hydrophobic,0.00701
228Lys 232Asp Saltbr,0.00678
227Ala 235Val Hydrophobic,0.00676
216Glu 220Asp Hbond,0.00671
228Lys 231Phe Hbond,0.00664
6Val 43Val Hydrophobic,0.00659
86Lys 238Asp Saltbr,0.00641
17Phe 231Phe Hydrophobic,0.00639
36Glu 222Thr Hbond,0.00635
2Leu 206Leu Hydrophobic,0.00626
185Val 191Phe Hydrophobic,0.00623
118Gln 140Tyr Hbond,0.00622
12Thr 18Ser Hbond,0.0061
32Asp 229Lys Saltbr,0.00591
217Leu 220Asp Hbond,0.00589
126Ala 137Val Hydrophobic,0.00582
107Glu 110Lys Saltbr,0.00581
20Lys 25Glu Saltbr,0.0056
109Leu 114Val Hydrophobic,0.0054
217Leu 222Thr Hbond,0.00507
138Val 155Leu Hydrophobic,0.00502
163Val 166Ser Hbond,0.00501
104Pro 109Leu Hydrophobic,0.00499
116Val 139Ala Hydrophobic,0.00491
125Tyr 130Trp Hbond,0.00471
95Ile 165Ala Hydrophobic,0.00467
204Thr 207Lys Hbond,0.00462
226Met 229Lys Hbond,0.00458
55Leu 58Ser Hbond,0.00437
73Ile 83Phe Hydrophobic,0.00431
40Arg 220Asp Saltbr,0.00431
215Thr 219Gln Hbond,0.00423
83Phe 197Val Hydrophobic,0.00408
129Asn 132Thr Hbond,0.00395
2Leu 43Val Hydrophobic,0.0039
35Asn 39Lys Hbond,0.00389
3Pro 43Val Hydrophobic,0.00387
95Ile 158Ala Hydrophobic,0.00369
221Gly 224Asp Hbond,0.00365
131Arg 134Gly Hbond,0.00339
8Ile 48Val Hydrophobic,0.00334
221Gly 225Lys Hbond,0.00323
114Val 138Val Hydrophobic,0.00305
7Arg 65Asp Saltbr,0.00304
114Val 135Val Hydrophobic,0.00257
8Ile 66Ala Hydrophobic,0.00255
36Glu 40Arg Saltbr,0.00254
6Val 46Thr Hbond,0.00247
231Phe 235Val Hydrophobic,0.00242
209Ala 213Ala Hydrophobic,0.00226
210Phe 213Ala Hydrophobic,0.00215
213Ala 217Leu Hydrophobic,0.0021
131Arg 137Val Hbond,0.00195
40Arg 216Glu Saltbr,0.00193
114Val 155Leu Hydrophobic,0.00187
131Arg 135Val Hbond,0.00178
104Pro 183Pro Hydrophobic,0.00178
143Gln 147Tyr Hbond,0.00176
206Leu 210Phe Hydrophobic,0.00175
147Tyr 169Phe Hbond,0.00173
94Leu 158Ala Hydrophobic,0.00168
36Glu 39Lys Saltbr,0.00111
4Gln 44Lys Hbond,0.00097
114Val 137Val Hydrophobic,0.00092
103Gln 108Ser Hbond,0.00091
234Asn 237Gly Hbond,0.00087
222Thr 225Lys Hbond,0.00086
212Lys 215Thr Hbond,0.00086
26Phe 31Ile Hydrophobic,0.00084
106Leu 110Lys Hbond,0.00066
212Lys 216Glu Saltbr,0.0003
92Ser 160Gln Hbond,9e-05
208Ala 211Asp Hbond,4e-05
94Leu 157Ala Hydrophobic,0.0
5Thr 46Thr Hbond,0.0
5Thr 44Lys Hbond,0.0
39Lys 42Gln Hbond,0.0
33Leu 217Leu Hydrophobic,0.0
31Ile 47Trp Hbond,0.0
225Lys 229Lys Hbond,0.0
216Glu 219Gln Hbond,0.0
214Leu 217Leu Hydrophobic,0.0
208Ala 212Lys Hbond,0.0
206Leu 209Ala Hydrophobic,0.0
19Ser 27Ile Hbond,0.0
12Thr 19Ser Hbond,0.0
125Tyr 129Asn Hbond,0.0
125Tyr 128Asp Hbond,0.0
113Hie 136Asp Hbond,0.0
109Leu 135Val Hydrophobic,0.0
106Leu 109Leu Hydrophobic,0.0
105Thr 108Ser Hbond,0.0
